{"cameraMode":{"drawMode":0,"name":"Shaded","section":"Shading Mode"},"sceneLighting":true,"audioPlay":false,"sceneViewState":{"m_AlwaysRefresh":false,"showFog":true,"showSkybox":true,"showFlares":true,"showImageEffects":true,"showParticleSystems":true,"showVisualEffectGraphs":true,"m_FxEnabled":true},"in2DMode":false,"pivot":{"x":19.455596923828126,"y":1.1839730739593506,"z":-1.3499994277954102},"rotation":{"x":0.2046370804309845,"y":-0.05282818526029587,"z":0.011061133816838265,"w":0.9773489832878113},"size":0.5486435294151306,"orthographic":true}